salary,prior_experience,years_in_field,years_at_rank,market_value,has_degree,has_other_qualification,employee_position,is_male,years_absent,engineering_department,finance_department,marketing_department,manager_position,executive_position,prior_experience_original
10.878047211402183,-6.907755278982137,-6.907755278982137,-6.907755278982137,0.15785804796712158,1,0,1,1,-6.907755278982137,0,0,0,0,0,-6.907755278982137
10.968198306769935,0.0009995003330834232,-6.907755278982137,-6.907755278982137,0.21591751390719457,1,0,1,1,-6.907755278982137,0,1,0,0,0,0.0009995003330834232
10.725467626917064,-6.907755278982137,-6.907755278982137,-6.907755278982137,0.19144649607134492,1,0,1,1,0.6936470556015963,0,0,0,0,0,-6.907755278982137
10.48520028059678,-6.907755278982137,0.6936470556015963,0.0009995003330834232,-0.009040735028795764,1,0,1,1,0.0009995003330834232,0,0,1,0,0,-6.907755278982137
10.455387967666558,-6.907755278982137,0.6936470556015963,0.6936470556015963,-0.09321235293398628,1,0,1,1,0.0009995003330834232,0,0,1,0,0,-6.907755278982137
10.93310698757443,0.0009995003330834232,-6.907755278982137,-6.907755278982137,0.17479333841720798,1,0,1,1,-6.907755278982137,1,0,0,0,0,0.0009995003330834232
11.018760298488639,-6.907755278982137,0.6936470556015963,0.6936470556015963,-0.08229522460598288,1,0,1,1,-6.907755278982137,0,1,0,0,0,-6.907755278982137
10.59628469684053,-6.907755278982137,0.6936470556015963,-6.907755278982137,-0.009040735028795764,1,0,1,1,-6.907755278982137,0,0,1,0,0,-6.907755278982137
10.499793409188657,-6.907755278982137,0.6936470556015963,0.0009995003330834232,-0.16134312239247905,1,0,1,1,0.0009995003330834232,1,0,0,0,0,-6.907755278982137
10.915088482396426,-6.907755278982137,-6.907755278982137,-6.907755278982137,0.2078268626966187,1,0,1,1,0.0009995003330834232,1,0,0,0,0,-6.907755278982137
10.919207261221757,-6.907755278982137,1.09894556645823,1.09894556645823,0.2078268626966187,1,0,1,1,0.0009995003330834232,1,0,0,0,0,-6.907755278982137
10.919207261221757,-6.907755278982137,1.09894556645823,1.09894556645823,0.2078268626966187,1,0,1,1,0.0009995003330834232,0,1,0,0,0,-6.907755278982137
10.424659498047474,-6.907755278982137,1.09894556645823,0.0009995003330834232,0.049742046524959636,1,0,1,1,0.0009995003330834232,0,0,1,0,0,-6.907755278982137
11.018760298488639,-6.907755278982137,1.09894556645823,1.09894556645823,0.21591751390719457,1,0,1,1,0.0009995003330834232,0,0,1,0,0,-6.907755278982137
10.518673218653388,1.09894556645823,-6.907755278982137,-6.907755278982137,-0.009040735028795764,1,0,1,1,-6.907755278982137,1,0,0,0,0,1.09894556645823
10.742724460569972,-6.907755278982137,0.6936470556015963,0.6936470556015963,0.1319050583425898,1,0,1,1,-6.907755278982137,0,1,0,0,0,-6.907755278982137
10.424659498047474,-6.907755278982137,0.6936470556015963,0.0009995003330834232,-0.16134312239247905,1,0,1,1,-6.907755278982137,0,0,0,0,0,-6.907755278982137
10.590465769105245,-6.907755278982137,0.0009995003330834232,-6.907755278982137,-0.1266976584584111,1,0,1,1,0.6936470556015963,0,0,0,0,0,-6.907755278982137
10.434115833010063,-6.907755278982137,1.09894556645823,1.09894556645823,-0.31334179314003835,1,0,1,1,0.6936470556015963,0,0,0,0,0,-6.907755278982137
10.659938140231779,-6.907755278982137,0.6936470556015963,0.6936470556015963,-0.1266976584584111,1,0,1,1,-6.907755278982137,0,1,0,0,0,-6.907755278982137
10.9172860659,0.6936470556015963,0.0009995003330834232,0.0009995003330834232,0.166361492801941,1,0,1,1,-6.907755278982137,0,1,0,0,0,0.6936470556015963
10.373491213031864,1.09894556645823,-6.907755278982137,-6.907755278982137,-0.09321235293398628,1,0,1,1,-6.907755278982137,0,0,0,0,0,1.09894556645823
10.455387967666558,0.0009995003330834232,0.0009995003330834232,0.0009995003330834232,-0.16134312239247905,1,0,1,1,1.09894556645823,0,0,1,0,0,0.0009995003330834232
11.035840840547639,-6.907755278982137,1.09894556645823,1.09894556645823,0.15785804796712158,1,0,1,1,-6.907755278982137,1,0,0,0,0,-6.907755278982137
11.018760298488639,-6.907755278982137,0.6936470556015963,0.6936470556015963,-0.08229522460598288,1,0,1,1,0.0009995003330834232,0,1,0,0,0,-6.907755278982137
10.424659498047474,-6.907755278982137,1.09894556645823,1.09894556645823,-0.1266976584584111,1,0,1,1,0.0009995003330834232,0,0,1,0,0,-6.907755278982137
10.468971830010167,-6.907755278982137,1.09894556645823,0.6936470556015963,-0.16134312239247905,1,0,1,1,-6.907755278982137,0,0,1,0,0,-6.907755278982137
10.470419398449152,-6.907755278982137,0.6936470556015963,0.6936470556015963,-0.16134312239247905,1,0,1,1,0.0009995003330834232,0,0,1,0,0,-6.907755278982137
10.48520028059678,0.0009995003330834232,0.6936470556015963,0.6936470556015963,-0.009040735028795764,1,0,1,1,-6.907755278982137,0,0,1,0,0,0.0009995003330834232
10.57131695075281,1.3865443298750981,-6.907755278982137,-6.907755278982137,0.19967021856036865,1,0,1,1,-6.907755278982137,0,0,1,0,0,1.3865443298750981
10.622229402125807,0.6936470556015963,0.0009995003330834232,0.0009995003330834232,0.12310219291791646,1,0,1,1,0.0009995003330834232,0,0,1,0,0,0.6936470556015963
10.447786665372075,-6.907755278982137,1.09894556645823,1.09894556645823,-0.16134312239247905,1,0,1,1,-6.907755278982137,0,1,0,0,0,-6.907755278982137
10.341742515725347,-6.907755278982137,-6.907755278982137,-6.907755278982137,-0.1266976584584111,1,0,1,1,-6.907755278982137,0,0,0,0,0,-6.907755278982137
10.542846269974342,-6.907755278982137,2.3026850879943788,1.6096378924367667,-0.247180165775268,1,0,2,1,-6.907755278982137,0,0,0,1,0,-6.907755278982137
10.609353530187892,-6.907755278982137,1.09894556645823,1.09894556645823,0.040181752988284795,1,0,1,1,-6.907755278982137,0,0,0,0,0,-6.907755278982137
10.518673218653388,1.09894556645823,-6.907755278982137,-6.907755278982137,0.0009995003330834232,1,0,1,1,-6.907755278982137,1,0,0,0,0,1.09894556645823
10.77895631072336,1.09894556645823,-6.907755278982137,-6.907755278982137,0.1319050583425898,1,0,1,1,-6.907755278982137,1,0,0,0,0,1.09894556645823
10.742724460569972,0.0009995003330834232,0.6936470556015963,0.6936470556015963,0.1319050583425898,1,0,1,1,-6.907755278982137,0,1,0,0,0,0.0009995003330834232
10.529693354073013,-6.907755278982137,1.3865443298750981,1.09894556645823,-0.1266976584584111,1,0,1,1,0.0009995003330834232,0,0,1,0,0,-6.907755278982137
10.59628469684053,0.0009995003330834232,1.09894556645823,1.09894556645823,-0.039780892340327764,1,0,1,1,0.0009995003330834232,0,0,1,0,0,0.0009995003330834232
10.78715180224648,-6.907755278982137,1.09894556645823,1.09894556645823,0.19144649607134492,1,0,1,1,-6.907755278982137,0,0,1,0,0,-6.907755278982137
10.308952693977625,1.09894556645823,-6.907755278982137,-6.907755278982137,-0.247180165775268,0,0,1,1,0.6936470556015963,0,0,0,0,0,1.09894556645823
10.598283398300415,-6.907755278982137,1.3865443298750981,1.3865443298750981,-0.1266976584584111,1,0,1,1,0.6936470556015963,0,0,0,0,0,-6.907755278982137
10.561007581359657,0.0009995003330834232,1.09894556645823,0.0009995003330834232,-0.07149599402240903,1,0,1,1,-6.907755278982137,0,1,0,0,0,0.0009995003330834232
10.984105594801244,-6.907755278982137,1.7919261220073759,-6.907755278982137,0.15785804796712158,1,0,2,1,0.0009995003330834232,0,1,0,1,0,-6.907755278982137
10.569674577196462,0.6936470556015963,0.6936470556015963,0.6936470556015963,-0.009040735028795764,1,0,1,1,0.0009995003330834232,0,0,1,0,0,0.6936470556015963
10.987155410736026,-6.907755278982137,1.3865443298750981,1.3865443298750981,-0.08229522460598288,1,0,1,1,-6.907755278982137,1,0,0,0,0,-6.907755278982137
11.00912512269098,-6.907755278982137,1.6096378924367667,1.6096378924367667,0.21591751390719457,1,0,1,1,1.3865443298750981,1,0,0,0,0,-6.907755278982137
10.424659498047474,1.3865443298750981,0.0009995003330834232,0.0009995003330834232,-0.2344572840872116,1,0,1,1,1.3865443298750981,0,0,0,0,0,1.3865443298750981
10.545341465024311,1.3865443298750981,-6.907755278982137,-6.907755278982137,-0.09321235293398628,1,0,1,1,-6.907755278982137,0,0,0,0,0,1.3865443298750981
10.647517967170383,0.0009995003330834232,1.09894556645823,1.09894556645823,0.1319050583425898,1,0,1,1,0.6936470556015963,0,0,1,0,0,0.0009995003330834232
10.596634758096073,1.3865443298750981,-6.907755278982137,-6.907755278982137,0.0009995003330834232,1,0,1,1,-6.907755278982137,0,0,0,0,0,1.3865443298750981
10.609353530187892,1.3865443298750981,0.0009995003330834232,0.0009995003330834232,0.0009995003330834232,1,0,1,1,-6.907755278982137,0,0,0,0,0,1.3865443298750981
10.438722851308452,-6.907755278982137,1.6096378924367667,1.6096378924367667,0.0009995003330834232,1,0,1,1,0.6936470556015963,0,0,1,0,0,-6.907755278982137
10.499793409188657,1.09894556645823,0.6936470556015963,0.6936470556015963,-0.22189431703121995,1,0,1,1,-6.907755278982137,1,0,0,0,0,1.09894556645823
11.000097855233632,-6.907755278982137,1.7919261220073759,-6.907755278982137,0.166361492801941,1,0,2,1,0.6936470556015963,1,0,0,1,0,-6.907755278982137
10.373491213031864,0.0009995003330834232,1.6096378924367667,1.6096378924367667,-0.2997546408159515,1,0,1,1,-6.907755278982137,0,0,0,0,0,0.0009995003330834232
10.408918682147084,0.6936470556015963,0.6936470556015963,0.6936470556015963,-0.2344572840872116,1,0,1,1,0.0009995003330834232,0,0,0,0,0,0.6936470556015963
10.424659498047474,0.0009995003330834232,1.09894556645823,1.09894556645823,-0.16134312239247905,1,0,1,1,0.0009995003330834232,0,0,0,0,0,0.0009995003330834232
10.472119741713115,-6.907755278982137,1.9460529959950605,1.9460529959950605,-0.14966075793987127,1,0,1,1,0.0009995003330834232,0,0,1,0,0,-6.907755278982137
10.88511650445343,-6.907755278982137,1.7919261220073759,-6.907755278982137,0.19144649607134492,1,0,2,1,0.0009995003330834232,1,0,0,1,0,-6.907755278982137
10.292145576226215,1.7919261220073759,-6.907755278982137,-6.907755278982137,-0.2344572840872116,1,0,1,1,-6.907755278982137,0,0,0,0,0,1.7919261220073759
10.55406644907448,-6.907755278982137,1.9460529959950605,0.6936470556015963,-0.22189431703121995,1,0,2,1,0.6936470556015963,0,0,0,1,0,-6.907755278982137
10.514149488606696,0.6936470556015963,1.09894556645823,1.09894556645823,-0.08229522460598288,1,0,1,1,0.6936470556015963,0,0,1,0,0,0.6936470556015963
11.025800107923738,-6.907755278982137,1.9460529959950605,0.6936470556015963,0.15785804796712158,1,0,2,1,1.09894556645823,0,0,1,1,0,-6.907755278982137
11.053347317042135,-6.907755278982137,1.7919261220073759,-6.907755278982137,-0.08229522460598288,1,0,2,1,-6.907755278982137,1,0,0,1,0,-6.907755278982137
10.970230722736217,-6.907755278982137,1.6096378924367667,1.6096378924367667,-0.08229522460598288,1,0,1,1,-6.907755278982137,1,0,0,0,0,-6.907755278982137
10.490718535297741,0.6936470556015963,1.3865443298750981,1.3865443298750981,-0.009040735028795764,1,0,1,1,1.09894556645823,0,1,0,0,0,0.6936470556015963
10.552290945377564,0.6936470556015963,1.3865443298750981,0.0009995003330834232,-0.1851255042100832,1,0,2,1,1.09894556645823,0,0,0,1,0,0.6936470556015963
10.532096238625169,-6.907755278982137,1.9460529959950605,0.0009995003330834232,-0.31334179314003835,1,0,2,1,1.09894556645823,0,0,1,1,0,-6.907755278982137
10.59628469684053,0.0009995003330834232,1.3865443298750981,1.3865443298750981,0.15785804796712158,1,0,1,1,-6.907755278982137,0,0,1,0,0,0.0009995003330834232
10.644805681781639,-6.907755278982137,1.7919261220073759,-6.907755278982137,0.0009995003330834232,1,0,2,1,1.09894556645823,0,0,1,1,0,-6.907755278982137
10.3393849000987,0.0009995003330834232,1.7919261220073759,1.7919261220073759,-0.2344572840872116,1,0,1,1,1.09894556645823,0,0,0,0,0,0.0009995003330834232
10.532096238625169,-6.907755278982137,1.7919261220073759,-6.907755278982137,-0.08229522460598288,1,0,2,1,-6.907755278982137,0,0,0,1,0,-6.907755278982137
10.542284164742359,1.3865443298750981,0.6936470556015963,0.6936470556015963,0.08709473744543464,1,0,1,1,-6.907755278982137,0,0,0,0,0,1.3865443298750981
10.63303900784604,0.0009995003330834232,1.6096378924367667,0.6936470556015963,-0.07149599402240903,1,0,2,1,0.0009995003330834232,0,0,0,1,0,0.0009995003330834232
10.528436215669236,0.6936470556015963,1.3865443298750981,1.3865443298750981,-0.07149599402240903,1,0,1,1,-6.907755278982137,0,0,1,0,0,0.6936470556015963
10.647517967170383,1.7919261220073759,0.0009995003330834232,0.0009995003330834232,-0.1972321782417154,1,0,2,1,-6.907755278982137,0,0,1,1,0,1.7919261220073759
10.757370845569584,-6.907755278982137,1.9460529959950605,0.6936470556015963,0.040181752988284795,1,0,2,1,0.0009995003330834232,0,1,0,1,0,-6.907755278982137
10.27505114345137,1.7919261220073759,-6.907755278982137,-6.907755278982137,-0.247180165775268,0,0,1,1,-6.907755278982137,0,0,0,0,0,1.7919261220073759
10.938058991763118,1.09894556645823,1.6096378924367667,1.6096378924367667,0.2078268626966187,0,0,1,1,-6.907755278982137,0,1,0,0,0,1.09894556645823
10.308986026754305,1.3865443298750981,1.09894556645823,1.09894556645823,-0.26006693015744126,1,0,1,1,0.0009995003330834232,0,0,0,0,0,1.3865443298750981
10.622229402125807,1.6096378924367667,0.6936470556015963,0.0009995003330834232,-0.08229522460598288,1,0,1,1,0.0009995003330834232,0,0,1,0,0,1.6096378924367667
10.569648893694918,1.7919261220073759,0.6936470556015963,0.6936470556015963,-0.26006693015744126,1,0,1,1,-6.907755278982137,0,0,1,0,0,1.7919261220073759
10.571932146080957,0.6936470556015963,1.9460529959950605,-6.907755278982137,-0.009040735028795764,1,0,2,1,-6.907755278982137,0,0,0,1,0,0.6936470556015963
10.710253577195799,-6.907755278982137,2.079566533867987,0.6936470556015963,0.0009995003330834232,1,0,2,1,-6.907755278982137,0,0,0,1,0,-6.907755278982137
10.470419398449152,1.09894556645823,1.3865443298750981,1.3865443298750981,-0.16134312239247905,1,0,1,1,-6.907755278982137,0,0,1,0,0,1.09894556645823
10.46064320252653,0.0009995003330834232,1.9460529959950605,-6.907755278982137,-0.14966075793987127,1,0,2,1,0.6936470556015963,0,0,0,1,0,0.0009995003330834232
10.590897334563298,-6.907755278982137,2.3979861777572986,1.6096378924367667,-0.20948722192691427,1,0,2,1,-6.907755278982137,0,0,0,1,0,-6.907755278982137
10.683752377355804,-6.907755278982137,2.079566533867987,1.09894556645823,-0.009040735028795764,1,0,2,1,0.0009995003330834232,0,0,0,1,0,-6.907755278982137
10.636792531086641,0.0009995003330834232,1.7919261220073759,-6.907755278982137,0.08709473744543464,1,0,2,1,-6.907755278982137,0,0,1,1,0,0.0009995003330834232
10.707236511806249,-6.907755278982137,2.079566533867987,1.09894556645823,-0.1851255042100832,1,0,2,1,0.0009995003330834232,0,0,0,1,0,-6.907755278982137
10.922443188168685,-6.907755278982137,2.3026850879943788,1.09894556645823,0.2078268626966187,1,0,2,1,0.0009995003330834232,1,0,0,1,0,-6.907755278982137
10.57530897192019,-6.907755278982137,2.079566533867987,0.6936470556015963,-0.1266976584584111,1,0,2,1,-6.907755278982137,0,0,0,1,0,-6.907755278982137
10.608192706642516,1.3865443298750981,1.6096378924367667,-6.907755278982137,-0.09321235293398628,1,0,2,1,0.0009995003330834232,0,0,0,1,0,1.3865443298750981
10.634965651460897,1.9460529959950605,0.6936470556015963,0.6936470556015963,-0.08229522460598288,1,0,1,1,1.09894556645823,0,0,0,0,0,1.9460529959950605
10.455387967666558,1.7919261220073759,1.09894556645823,1.09894556645823,-0.16134312239247905,1,0,1,1,-6.907755278982137,0,0,1,0,0,1.7919261220073759
10.78680046458363,1.09894556645823,1.7919261220073759,-6.907755278982137,-0.09321235293398628,1,0,2,1,-6.907755278982137,0,0,1,1,0,1.09894556645823
10.56643355208127,-6.907755278982137,2.3026850879943788,1.6096378924367667,-0.31334179314003835,1,0,2,1,0.0009995003330834232,0,1,0,1,0,-6.907755278982137
10.637824683912108,0.0009995003330834232,1.9460529959950605,0.0009995003330834232,-0.08229522460598288,1,0,2,1,-6.907755278982137,0,0,1,1,0,0.0009995003330834232
10.656835759326212,-6.907755278982137,2.1973356822749484,1.3865443298750981,-0.009040735028795764,1,0,2,1,-6.907755278982137,0,0,1,1,0,-6.907755278982137
10.917957091221545,0.0009995003330834232,2.079566533867987,1.09894556645823,0.19144649607134492,1,0,2,1,0.0009995003330834232,1,0,0,1,0,0.0009995003330834232
10.609353530187892,2.079566533867987,0.0009995003330834232,0.0009995003330834232,-0.17316365019354585,1,0,1,1,0.0009995003330834232,0,1,0,0,0,2.079566533867987
10.6118927601065,1.3865443298750981,1.7919261220073759,0.6936470556015963,0.06859284044048194,1,0,2,1,-6.907755278982137,0,1,0,1,0,1.3865443298750981
10.658740633747701,-6.907755278982137,2.1973356822749484,1.09894556645823,-0.17316365019354585,1,0,2,1,-6.907755278982137,1,0,0,1,0,-6.907755278982137
11.06777835293055,-6.907755278982137,2.3979861777572986,-6.907755278982137,0.19144649607134492,1,0,3,1,-6.907755278982137,0,1,0,0,1,-6.907755278982137
11.085398795394145,1.9460529959950605,1.09894556645823,1.09894556645823,0.166361492801941,1,0,2,1,-6.907755278982137,0,1,0,1,0,1.9460529959950605
10.594732950854066,1.7919261220073759,1.6096378924367667,0.6936470556015963,-0.07149599402240903,0,0,2,1,-6.907755278982137,0,0,1,1,0,1.7919261220073759
10.808494885616742,-6.907755278982137,2.7726512202867375,2.079566533867987,-0.247180165775268,0,0,3,1,-6.907755278982137,0,0,1,0,1,-6.907755278982137
10.82169646352786,1.09894556645823,1.9460529959950605,1.3865443298750981,0.166361492801941,1,0,2,1,0.0009995003330834232,0,1,0,1,0,1.09894556645823
10.624274243217965,-6.907755278982137,2.1973356822749484,1.6096378924367667,-0.31334179314003835,1,0,2,1,-6.907755278982137,0,0,0,1,0,-6.907755278982137
10.905295230293797,-6.907755278982137,2.3026850879943788,0.0009995003330834232,-0.009040735028795764,1,1,3,1,-6.907755278982137,1,0,0,0,1,-6.907755278982137
10.662366260824063,-6.907755278982137,2.3026850879943788,1.6096378924367667,-0.22189431703121995,1,1,2,1,0.0009995003330834232,0,1,0,1,0,-6.907755278982137
10.424659498047474,1.9460529959950605,1.09894556645823,1.09894556645823,-0.2997546408159515,1,0,1,1,0.0009995003330834232,0,0,0,0,0,1.9460529959950605
10.596634758096073,1.09894556645823,1.9460529959950605,0.6936470556015963,-0.2344572840872116,1,0,2,1,-6.907755278982137,0,0,0,1,0,1.09894556645823
10.434115833010063,0.0009995003330834232,2.1973356822749484,1.09894556645823,-0.247180165775268,1,0,2,1,-6.907755278982137,0,0,0,1,0,0.0009995003330834232
10.797962051570506,2.079566533867987,0.6936470556015963,0.6936470556015963,-0.009040735028795764,1,0,2,1,-6.907755278982137,0,0,1,1,0,2.079566533867987
11.03469611303938,-6.907755278982137,2.3979861777572986,1.09894556645823,0.19144649607134492,1,0,2,1,-6.907755278982137,1,0,0,1,0,-6.907755278982137
10.62310627464876,-6.907755278982137,2.3979861777572986,-6.907755278982137,-0.22189431703121995,1,0,3,1,-6.907755278982137,0,0,0,0,1,-6.907755278982137
10.702412684115634,1.6096378924367667,1.7919261220073759,1.09894556645823,0.0009995003330834232,1,0,2,1,-6.907755278982137,0,0,0,1,0,1.6096378924367667
10.619985006127294,-6.907755278982137,2.3979861777572986,1.6096378924367667,-0.0502412289718982,1,0,2,1,0.0009995003330834232,0,0,1,1,0,-6.907755278982137
10.78057999180566,-6.907755278982137,2.3979861777572986,1.6096378924367667,0.040181752988284795,1,0,2,1,-6.907755278982137,0,0,0,1,0,-6.907755278982137
10.813096027780453,-6.907755278982137,2.4849899796493045,1.3865443298750981,-0.1266976584584111,1,0,2,1,-6.907755278982137,0,1,0,1,0,-6.907755278982137
10.984427959257037,-6.907755278982137,2.4849899796493045,1.7919261220073759,0.2078268626966187,1,0,2,1,0.0009995003330834232,0,1,0,1,0,-6.907755278982137
10.427831421700208,1.9460529959950605,1.6096378924367667,0.0009995003330834232,-0.26006693015744126,1,0,2,1,0.0009995003330834232,0,0,1,1,0,1.9460529959950605
11.164020272471005,-6.907755278982137,2.639128755635788,2.079566533867987,0.21591751390719457,1,0,2,1,-6.907755278982137,1,0,0,1,0,-6.907755278982137
10.491274245216024,-6.907755278982137,2.3979861777572986,1.6096378924367667,-0.2997546408159515,1,0,2,1,-6.907755278982137,0,1,0,1,0,-6.907755278982137
10.631639866434776,1.6096378924367667,1.7919261220073759,1.09894556645823,-0.09321235293398628,1,0,2,1,-6.907755278982137,0,0,0,1,0,1.6096378924367667
10.798370790404164,-6.907755278982137,2.4849899796493045,-6.907755278982137,-0.16134312239247905,1,0,3,1,-6.907755278982137,0,0,1,0,1,-6.907755278982137
10.96438068415113,-6.907755278982137,2.5650262775800314,1.9460529959950605,0.17479333841720798,1,0,2,1,-6.907755278982137,0,0,1,1,0,-6.907755278982137
10.765301000186797,-6.907755278982137,2.995782272304033,2.1973356822749484,-0.11541086756645104,1,0,2,1,-6.907755278982137,0,1,0,1,0,-6.907755278982137
10.482401666959984,1.3865443298750981,1.9460529959950605,0.0009995003330834232,-0.22189431703121995,1,0,2,1,0.0009995003330834232,0,0,1,1,0,1.3865443298750981
10.525192462493111,2.079566533867987,1.3865443298750981,0.0009995003330834232,-0.009040735028795764,1,0,2,1,-6.907755278982137,0,0,1,1,0,2.079566533867987
10.6684203911217,1.6096378924367667,1.9460529959950605,0.0009995003330834232,-0.009040735028795764,1,0,2,1,-6.907755278982137,0,1,0,1,0,1.6096378924367667
10.877971736857361,1.6096378924367667,2.079566533867987,2.079566533867987,-0.17316365019354585,1,1,2,1,0.0009995003330834232,0,0,0,1,0,1.6096378924367667
10.888240367053756,2.1973356822749484,1.3865443298750981,1.3865443298750981,0.15785804796712158,1,0,2,1,0.0009995003330834232,1,0,0,1,0,2.1973356822749484
10.658129587914612,-6.907755278982137,2.5650262775800314,2.079566533867987,-0.22189431703121995,1,0,2,1,-6.907755278982137,0,0,0,1,0,-6.907755278982137
10.732716018853125,-6.907755278982137,2.995782272304033,1.9460529959950605,-0.2344572840872116,1,0,2,1,-6.907755278982137,0,0,1,1,0,-6.907755278982137
10.93037110565183,0.6936470556015963,2.4849899796493045,1.6096378924367667,0.2078268626966187,1,0,2,1,-6.907755278982137,0,0,1,1,0,0.6936470556015963
10.879988721640593,1.09894556645823,2.3026850879943788,2.3026850879943788,0.2078268626966187,1,0,2,1,-6.907755278982137,1,0,0,1,0,1.09894556645823
10.6202780392594,-6.907755278982137,2.639128755635788,2.5650262775800314,-0.08229522460598288,1,0,1,1,-6.907755278982137,0,0,1,0,0,-6.907755278982137
10.715128649350293,-6.907755278982137,2.5650262775800314,-6.907755278982137,-0.16134312239247905,1,0,3,1,-6.907755278982137,1,0,0,0,1,-6.907755278982137
10.783321768142253,-6.907755278982137,1.3865443298750981,1.3865443298750981,0.020782520501346706,1,0,1,1,0.0009995003330834232,0,0,1,0,0,2.3026850879943788
11.014125050803989,0.6936470556015963,2.3979861777572986,0.6936470556015963,0.0009995003330834232,1,0,2,1,-6.907755278982137,1,0,0,1,0,0.6936470556015963
10.62098584835848,-6.907755278982137,2.639128755635788,1.7919261220073759,-0.26006693015744126,1,0,2,1,-6.907755278982137,0,0,1,1,0,-6.907755278982137
10.638807838454865,1.9460529959950605,1.9460529959950605,1.3865443298750981,-0.13811329665504002,1,0,2,1,0.0009995003330834232,0,0,1,1,0,1.9460529959950605
10.853773850999756,1.6096378924367667,2.1973356822749484,1.09894556645823,0.15785804796712158,1,1,3,1,0.0009995003330834232,0,0,1,0,1,1.6096378924367667
10.775199261924067,-6.907755278982137,2.8904273119085677,2.3026850879943788,-0.1266976584584111,1,0,2,1,-6.907755278982137,1,0,0,1,0,-6.907755278982137
10.860041667136018,-6.907755278982137,0.0009995003330834232,0.0009995003330834232,-0.009040735028795764,1,0,3,1,-6.907755278982137,0,1,0,0,1,2.5650262775800314
10.673317981021611,0.0009995003330834232,2.5650262775800314,0.0009995003330834232,-0.16134312239247905,1,0,3,1,-6.907755278982137,0,0,0,0,1,0.0009995003330834232
10.932717542337786,1.9460529959950605,2.079566533867987,2.079566533867987,-0.2731219336523083,1,0,2,1,-6.907755278982137,0,0,1,1,0,1.9460529959950605
10.932731917251045,-6.907755278982137,2.639128755635788,1.09894556645823,0.040181752988284795,1,0,3,1,-6.907755278982137,1,0,0,0,1,-6.907755278982137
10.770020673415049,-6.907755278982137,2.7081168655467533,2.3979861777572986,-0.13811329665504002,1,0,2,1,-6.907755278982137,0,1,0,1,0,-6.907755278982137
10.667885077904959,1.7919261220073759,2.1973356822749484,-6.907755278982137,-0.08229522460598288,1,0,3,1,0.0009995003330834232,0,0,0,0,1,1.7919261220073759
10.69657058433106,2.1973356822749484,1.7919261220073759,1.7919261220073759,0.08709473744543464,1,0,1,1,-6.907755278982137,0,0,0,0,0,2.1973356822749484
10.89673934406493,1.09894556645823,2.5650262775800314,1.7919261220073759,-0.13811329665504002,1,0,3,1,-6.907755278982137,1,0,0,0,1,1.09894556645823
10.704120511282765,-6.907755278982137,2.7081168655467533,2.079566533867987,-0.26006693015744126,1,0,2,1,0.0009995003330834232,0,0,0,1,0,-6.907755278982137
10.74879019746481,-6.907755278982137,2.7726512202867375,1.09894556645823,-0.09321235293398628,1,0,3,1,0.0009995003330834232,0,0,0,0,1,-6.907755278982137
10.778944266380245,-6.907755278982137,2.7081168655467533,0.0009995003330834232,-0.14966075793987127,1,0,3,1,-6.907755278982137,0,0,0,0,1,-6.907755278982137
10.90113706721536,-6.907755278982137,2.7081168655467533,1.3865443298750981,0.1319050583425898,1,0,3,1,-6.907755278982137,0,0,1,0,1,-6.907755278982137
10.518673218653388,1.9460529959950605,1.9460529959950605,1.3865443298750981,-0.247180165775268,1,0,2,1,-6.907755278982137,1,0,0,1,0,1.9460529959950605
10.818237117422301,-6.907755278982137,2.7081168655467533,0.6936470556015963,0.14063110902570714,1,0,3,1,-6.907755278982137,0,1,0,0,1,-6.907755278982137
10.675376618143524,0.6936470556015963,2.5650262775800314,2.1973356822749484,-0.11541086756645104,1,0,2,1,-6.907755278982137,0,0,0,1,0,0.6936470556015963
10.784959091140655,0.6936470556015963,2.5650262775800314,0.0009995003330834232,0.09621887939527274,1,0,3,1,-6.907755278982137,0,0,0,0,1,0.6936470556015963
11.005261521155871,-6.907755278982137,1.6096378924367667,1.6096378924367667,-0.039780892340327764,1,1,3,1,0.0009995003330834232,1,0,0,0,1,2.3979861777572986
10.556073147374837,-6.907755278982137,1.09894556645823,1.09894556645823,-0.1266976584584111,1,0,1,1,-6.907755278982137,0,0,0,0,0,2.4849899796493045
10.900639137311721,0.6936470556015963,2.639128755635788,1.6096378924367667,-0.009040735028795764,1,0,3,1,-6.907755278982137,0,0,1,0,1,0.6936470556015963
10.74763762812873,-6.907755278982137,2.7081168655467533,2.079566533867987,-0.0502412289718982,1,0,2,1,0.0009995003330834232,1,0,0,1,0,-6.907755278982137
10.65462060588631,1.7919261220073759,2.3979861777572986,2.079566533867987,-0.20948722192691427,1,0,2,1,0.0009995003330834232,0,0,1,1,0,1.7919261220073759
10.806834899034904,1.09894556645823,2.5650262775800314,1.09894556645823,-0.247180165775268,1,0,3,1,-6.907755278982137,0,0,1,0,1,1.09894556645823
10.97675560765712,-6.907755278982137,3.135537693244867,0.6936470556015963,-0.17316365019354585,1,0,3,1,-6.907755278982137,0,1,0,0,1,-6.907755278982137
11.239777275436435,-6.907755278982137,2.8904273119085677,2.3026850879943788,0.21591751390719457,1,0,3,1,-6.907755278982137,0,1,0,0,1,-6.907755278982137
10.867882518145118,-6.907755278982137,2.833272165855592,2.1973356822749484,-0.08229522460598288,1,0,2,1,-6.907755278982137,0,0,1,1,0,-6.907755278982137
11.02602795025412,-6.907755278982137,2.7081168655467533,-6.907755278982137,0.19144649607134492,1,0,2,1,-6.907755278982137,1,0,0,1,0,-6.907755278982137
10.836399405096843,-6.907755278982137,1.7919261220073759,1.7919261220073759,-0.08229522460598288,1,0,2,1,-6.907755278982137,0,1,0,1,0,2.3026850879943788
10.937596892767283,-6.907755278982137,2.833272165855592,2.639128755635788,-0.31334179314003835,1,0,2,1,0.0009995003330834232,0,1,0,1,0,-6.907755278982137
11.178920196878309,0.0009995003330834232,2.833272165855592,2.1973356822749484,0.166361492801941,1,0,3,1,-6.907755278982137,1,0,0,0,1,0.0009995003330834232
10.816292235195293,1.6096378924367667,2.4849899796493045,2.1973356822749484,-0.07149599402240903,1,0,2,1,-6.907755278982137,0,1,0,1,0,1.6096378924367667
10.99480666049876,-6.907755278982137,2.944491609360395,2.639128755635788,-0.08229522460598288,1,0,2,1,0.0009995003330834232,0,1,0,1,0,-6.907755278982137
10.623909399558302,2.079566533867987,2.1973356822749484,2.1973356822749484,-0.16134312239247905,1,0,2,1,0.0009995003330834232,0,0,0,1,0,2.079566533867987
11.099922029937265,1.3865443298750981,2.5650262775800314,1.09894556645823,0.19144649607134492,1,0,3,1,-6.907755278982137,1,0,0,0,1,1.3865443298750981
11.105513477922552,1.7919261220073759,2.3026850879943788,0.0009995003330834232,0.0009995003330834232,1,0,3,1,-6.907755278982137,1,0,0,0,1,1.7919261220073759
11.206672020516278,-6.907755278982137,1.09894556645823,1.09894556645823,-0.08229522460598288,1,0,3,1,-6.907755278982137,0,0,0,0,1,2.7081168655467533
10.850598446143168,-6.907755278982137,2.995782272304033,1.3865443298750981,-0.07149599402240903,1,0,3,1,-6.907755278982137,0,0,1,0,1,-6.907755278982137
11.013385929700828,-6.907755278982137,2.833272165855592,2.1973356822749484,-0.039780892340327764,1,0,3,1,-6.907755278982137,0,0,1,0,1,-6.907755278982137
11.133778719764921,1.9460529959950605,2.3026850879943788,1.3865443298750981,0.17479333841720798,1,0,3,1,-6.907755278982137,0,0,1,0,1,1.9460529959950605
11.003032755903964,-6.907755278982137,2.8904273119085677,2.079566533867987,-0.16134312239247905,1,0,3,1,0.6936470556015963,1,0,0,0,1,-6.907755278982137
10.758519732952905,1.9460529959950605,2.3979861777572986,0.0009995003330834232,-0.2344572840872116,1,0,3,1,0.0009995003330834232,0,1,0,0,1,1.9460529959950605
10.782450199904954,0.6936470556015963,2.7726512202867375,2.3979861777572986,-0.17316365019354585,1,0,2,1,0.0009995003330834232,0,0,0,1,0,0.6936470556015963
10.870984594014766,-6.907755278982137,2.995782272304033,2.3026850879943788,-0.1851255042100832,1,0,3,1,-6.907755278982137,1,0,0,0,1,-6.907755278982137
11.004646612095089,1.09894556645823,2.7081168655467533,2.5650262775800314,0.21591751390719457,1,0,1,1,-6.907755278982137,1,0,0,0,0,1.09894556645823
10.748303786233409,0.0009995003330834232,2.833272165855592,2.4849899796493045,-0.060812141930429886,1,0,2,1,-6.907755278982137,0,1,0,1,0,0.0009995003330834232
10.934088648427316,-6.907755278982137,2.8904273119085677,1.7919261220073759,-0.07149599402240903,1,0,3,1,0.0009995003330834232,0,1,0,0,1,-6.907755278982137
10.749377300569726,-6.907755278982137,3.0445700556372914,0.6936470556015963,-0.009040735028795764,1,0,3,1,0.0009995003330834232,0,0,0,0,1,-6.907755278982137
10.90001176157847,-6.907755278982137,2.995782272304033,1.6096378924367667,-0.1972321782417154,1,0,2,1,0.0009995003330834232,0,0,1,1,0,-6.907755278982137
10.95511306744837,-6.907755278982137,2.833272165855592,1.3865443298750981,-0.07149599402240903,1,0,3,1,0.0009995003330834232,0,0,1,0,1,-6.907755278982137
11.049285560209464,2.1973356822749484,2.1973356822749484,2.1973356822749484,0.19144649607134492,1,0,2,1,0.0009995003330834232,1,0,0,1,0,2.1973356822749484
10.788762241509135,-6.907755278982137,2.944491609360395,2.7081168655467533,-0.17316365019354585,1,0,2,1,0.0009995003330834232,0,0,1,1,0,-6.907755278982137
11.10600931961653,-6.907755278982137,2.995782272304033,2.1973356822749484,-0.2731219336523083,1,0,3,1,-6.907755278982137,1,0,0,0,1,-6.907755278982137
10.976286200913714,-6.907755278982137,3.178095496146581,2.5650262775800314,-0.17316365019354585,1,0,3,1,-6.907755278982137,0,1,0,0,1,-6.907755278982137
10.862301250657543,1.7919261220073759,2.7081168655467533,2.3979861777572986,-0.31334179314003835,1,0,3,1,-6.907755278982137,0,0,1,0,1,1.7919261220073759
10.878235872846217,0.6936470556015963,2.7726512202867375,2.079566533867987,-0.16134312239247905,1,0,3,1,0.6936470556015963,0,0,1,0,1,0.6936470556015963
10.857902261753265,-6.907755278982137,-6.907755278982137,-6.907755278982137,-0.13811329665504002,1,1,3,1,0.6936470556015963,0,1,0,0,1,2.944491609360395
10.714417790974679,-6.907755278982137,-6.907755278982137,-6.907755278982137,0.0009995003330834232,1,0,2,1,-6.907755278982137,1,0,0,1,0,2.995782272304033
10.896794898076303,-6.907755278982137,2.995782272304033,1.6096378924367667,-0.11541086756645104,1,0,3,1,-6.907755278982137,0,0,1,0,1,-6.907755278982137
11.002199852869571,-6.907755278982137,3.178095496146581,0.6936470556015963,-0.08229522460598288,1,0,3,1,-6.907755278982137,1,0,0,0,1,-6.907755278982137
11.178053960493438,-6.907755278982137,1.9460529959950605,1.9460529959950605,-0.08229522460598288,1,1,3,1,1.09894556645823,0,1,0,0,1,2.5650262775800314
10.940862549452234,1.3865443298750981,2.7726512202867375,1.6096378924367667,-0.060812141930429886,1,0,3,1,-6.907755278982137,0,0,0,0,1,1.3865443298750981
10.82169646352786,-6.907755278982137,3.0445700556372914,2.3026850879943788,-0.07149599402240903,1,0,3,1,0.0009995003330834232,0,0,1,0,1,-6.907755278982137
11.077309690852147,1.6096378924367667,2.7726512202867375,2.079566533867987,0.14063110902570714,1,0,3,1,0.0009995003330834232,1,0,0,0,1,1.6096378924367667
11.078977524796006,-6.907755278982137,3.0445700556372914,2.3979861777572986,-0.08229522460598288,1,0,3,1,-6.907755278982137,1,0,0,0,1,-6.907755278982137
10.970763978091584,1.09894556645823,2.8904273119085677,2.3026850879943788,-0.1972321782417154,1,0,2,1,0.0009995003330834232,0,1,0,1,0,1.09894556645823
11.122058301500243,-6.907755278982137,2.995782272304033,2.3026850879943788,0.19144649607134492,1,0,3,1,-6.907755278982137,0,1,0,0,1,-6.907755278982137
10.945300204172662,-6.907755278982137,3.0445700556372914,2.3026850879943788,-0.16134312239247905,1,0,3,1,-6.907755278982137,0,0,1,0,1,-6.907755278982137
10.993260909351669,1.6096378924367667,2.7081168655467533,2.7081168655467533,-0.11541086756645104,1,0,2,1,0.0009995003330834232,1,0,0,1,0,1.6096378924367667
10.909637288059818,-6.907755278982137,0.6936470556015963,0.0009995003330834232,-0.009040735028795764,1,0,2,1,-6.907755278982137,0,1,0,1,0,2.944491609360395
10.684988980947558,-6.907755278982137,1.3865443298750981,1.3865443298750981,-0.07149599402240903,0,0,1,1,-6.907755278982137,0,0,0,0,0,2.833272165855592
10.69704554163963,-6.907755278982137,2.079566533867987,2.079566533867987,0.049742046524959636,1,0,1,1,-6.907755278982137,0,0,0,0,0,2.5650262775800314
10.901800588312701,-6.907755278982137,3.0910879068707438,2.4849899796493045,0.020782520501346706,1,0,3,1,-6.907755278982137,0,0,1,0,1,-6.907755278982137
10.925030937251124,-6.907755278982137,3.135537693244867,0.6936470556015963,-0.09321235293398628,1,0,3,1,-6.907755278982137,0,0,1,0,1,-6.907755278982137
10.967732681149796,1.3865443298750981,2.833272165855592,2.1973356822749484,-0.07149599402240903,1,0,3,1,-6.907755278982137,0,0,1,0,1,1.3865443298750981
11.29923708480914,-6.907755278982137,1.9460529959950605,1.9460529959950605,-0.08229522460598288,1,0,3,1,-6.907755278982137,1,0,0,0,1,2.5650262775800314
10.815127506288087,-6.907755278982137,3.2581349988203177,1.9460529959950605,-0.104250047835351,1,0,3,1,0.0009995003330834232,0,1,0,0,1,-6.907755278982137
11.162431394304265,1.9460529959950605,2.7081168655467533,2.3026850879943788,0.21591751390719457,1,0,3,1,0.0009995003330834232,0,1,0,0,1,1.9460529959950605
10.949630434414926,1.9460529959950605,2.639128755635788,2.3979861777572986,-0.1266976584584111,1,0,3,1,-6.907755278982137,0,0,1,0,1,1.9460529959950605
10.883203705031264,-6.907755278982137,3.0910879068707438,2.3026850879943788,-0.16134312239247905,1,0,3,1,0.6936470556015963,1,0,0,0,1,-6.907755278982137
10.994317308623433,-6.907755278982137,3.178095496146581,2.3026850879943788,-0.07149599402240903,1,0,3,1,0.6936470556015963,1,0,0,0,1,-6.907755278982137
11.06915084403964,-6.907755278982137,0.6936470556015963,0.6936470556015963,-0.14966075793987127,1,0,3,1,-6.907755278982137,1,0,0,0,1,2.995782272304033
11.092915100639802,0.0009995003330834232,3.0445700556372914,2.3979861777572986,-0.2731219336523083,1,0,3,1,0.0009995003330834232,1,0,0,0,1,0.0009995003330834232
10.9849876085486,0.0009995003330834232,2.995782272304033,1.6096378924367667,0.09621887939527274,1,0,3,1,0.0009995003330834232,0,1,0,0,1,0.0009995003330834232
11.038287128040277,-6.907755278982137,3.0445700556372914,2.3979861777572986,0.1319050583425898,1,0,3,1,-6.907755278982137,0,1,0,0,1,-6.907755278982137
11.17243317274252,0.0009995003330834232,2.995782272304033,2.7726512202867375,0.19144649607134492,1,0,2,1,1.3865443298750981,0,1,0,1,0,0.0009995003330834232
10.761046890556267,1.09894556645823,2.944491609360395,1.9460529959950605,-0.2997546408159515,1,0,3,1,1.3865443298750981,0,0,0,0,1,1.09894556645823
11.013979020204166,0.0009995003330834232,3.0445700556372914,2.3979861777572986,-0.009040735028795764,1,0,3,1,-6.907755278982137,1,0,0,0,1,0.0009995003330834232
11.063931592969592,-6.907755278982137,3.178095496146581,2.4849899796493045,0.1319050583425898,1,0,3,1,0.6936470556015963,1,0,0,0,1,-6.907755278982137
11.079898702567258,-6.907755278982137,3.0910879068707438,2.4849899796493045,0.0009995003330834232,1,0,3,1,-6.907755278982137,1,0,0,0,1,-6.907755278982137
11.229939030733346,-6.907755278982137,3.218915824068222,2.4849899796493045,0.21591751390719457,1,0,3,1,-6.907755278982137,1,0,0,0,1,-6.907755278982137
11.057361101957135,-6.907755278982137,3.0910879068707438,2.833272165855592,0.2078268626966187,1,0,2,1,0.6936470556015963,0,1,0,1,0,-6.907755278982137
11.054549982020184,-6.907755278982137,3.367330312150578,2.7081168655467533,0.19967021856036865,1,0,3,1,-6.907755278982137,0,0,0,0,1,-6.907755278982137
10.702210248139876,1.6096378924367667,2.7726512202867375,2.3026850879943788,0.020782520501346706,1,0,2,1,0.6936470556015963,0,0,0,1,0,1.6096378924367667
10.73284692603726,1.3865443298750981,2.8904273119085677,1.09894556645823,-0.16134312239247905,1,0,3,1,-6.907755278982137,0,0,1,0,1,1.3865443298750981
10.79020530266821,-6.907755278982137,3.218915824068222,2.833272165855592,-0.2344572840872116,1,0,2,1,0.0009995003330834232,0,0,1,1,0,-6.907755278982137
11.023796115594955,-6.907755278982137,3.0910879068707438,2.5650262775800314,0.0009995003330834232,1,0,3,1,0.0009995003330834232,0,0,1,0,1,-6.907755278982137
10.909363032438588,-6.907755278982137,3.3322402238231783,1.9460529959950605,-0.09321235293398628,1,0,3,1,0.0009995003330834232,1,0,0,0,1,-6.907755278982137
11.012925424225983,2.079566533867987,2.639128755635788,2.4849899796493045,-0.16134312239247905,1,0,3,1,0.0009995003330834232,1,0,0,0,1,2.079566533867987
11.067356869778507,-6.907755278982137,3.218915824068222,2.5650262775800314,-0.247180165775268,1,0,3,1,-6.907755278982137,1,0,0,0,1,-6.907755278982137
11.10930421778024,-6.907755278982137,3.178095496146581,2.4849899796493045,-0.14966075793987127,1,0,3,1,0.6936470556015963,1,0,0,0,1,-6.907755278982137
10.824467293802854,-6.907755278982137,3.0445700556372914,0.0009995003330834232,-0.2344572840872116,1,0,3,1,0.6936470556015963,0,1,0,0,1,-6.907755278982137
11.022065870182315,-6.907755278982137,3.178095496146581,2.7726512202867375,0.15785804796712158,1,0,3,1,1.09894556645823,0,1,0,0,1,-6.907755278982137
11.147267450945055,-6.907755278982137,3.2581349988203177,2.7081168655467533,0.1319050583425898,1,0,3,1,-6.907755278982137,1,0,0,0,1,-6.907755278982137
11.040518967146674,1.6096378924367667,2.944491609360395,2.639128755635788,0.08709473744543464,1,0,3,1,-6.907755278982137,1,0,0,0,1,1.6096378924367667
11.044887917718025,-6.907755278982137,3.2581349988203177,2.7081168655467533,-0.2344572840872116,1,0,3,1,1.09894556645823,1,0,0,0,1,-6.907755278982137
10.911846870467528,-6.907755278982137,3.218915824068222,2.3026850879943788,-0.08229522460598288,1,0,3,1,1.09894556645823,0,1,0,0,1,-6.907755278982137
10.916723508618876,0.6936470556015963,3.0445700556372914,2.8904273119085677,0.020782520501346706,1,0,2,1,1.09894556645823,0,1,0,1,0,0.6936470556015963
11.15770349709321,-6.907755278982137,3.135537693244867,2.7726512202867375,-0.11541086756645104,1,0,3,1,-6.907755278982137,0,1,0,0,1,-6.907755278982137
11.202984163846478,0.0009995003330834232,3.0910879068707438,2.8904273119085677,0.19144649607134492,1,0,2,1,1.09894556645823,0,0,0,1,0,0.0009995003330834232
10.7810166866474,0.0009995003330834232,3.0445700556372914,2.7081168655467533,-0.16134312239247905,1,0,2,1,1.09894556645823,0,0,0,1,0,0.0009995003330834232
10.862320417842954,-6.907755278982137,3.0910879068707438,2.079566533867987,-0.247180165775268,1,0,3,1,-6.907755278982137,0,0,1,0,1,-6.907755278982137
11.053537307698491,-6.907755278982137,3.2581349988203177,2.833272165855592,-0.039780892340327764,1,0,2,1,-6.907755278982137,1,0,0,1,0,-6.907755278982137
11.11337285852524,-6.907755278982137,3.218915824068222,2.7081168655467533,0.1319050583425898,1,0,3,1,0.0009995003330834232,1,0,0,0,1,-6.907755278982137
10.69625382075434,-6.907755278982137,1.3865443298750981,1.3865443298750981,-0.247180165775268,1,0,2,1,-6.907755278982137,0,1,0,1,0,2.944491609360395
10.859652649271348,-6.907755278982137,3.178095496146581,2.7081168655467533,-0.16134312239247905,1,0,2,1,-6.907755278982137,0,1,0,1,0,-6.907755278982137
10.915797322006458,-6.907755278982137,3.218915824068222,2.1973356822749484,-0.16134312239247905,1,0,3,1,0.0009995003330834232,0,1,0,0,1,-6.907755278982137
10.943304812369696,-6.907755278982137,3.2581349988203177,0.0009995003330834232,0.0009995003330834232,1,0,3,1,-6.907755278982137,0,1,0,0,1,-6.907755278982137
10.980160950721839,-6.907755278982137,3.0910879068707438,1.6096378924367667,-0.039780892340327764,1,0,3,1,-6.907755278982137,0,1,0,0,1,-6.907755278982137
11.08003264767777,-6.907755278982137,3.135537693244867,2.639128755635788,-0.009040735028795764,1,0,3,1,0.0009995003330834232,0,1,0,0,1,-6.907755278982137
10.308952693977625,-6.907755278982137,0.0009995003330834232,-6.907755278982137,-0.2344572840872116,1,0,1,1,0.0009995003330834232,0,0,0,0,0,3.0910879068707438
10.876045208769321,-6.907755278982137,3.178095496146581,2.079566533867987,-0.08229522460598288,1,0,3,1,-6.907755278982137,0,0,0,0,1,-6.907755278982137
10.701287520873594,1.09894556645823,3.0445700556372914,2.5650262775800314,-0.09321235293398628,1,0,2,1,-6.907755278982137,0,0,0,1,0,1.09894556645823
10.922533427029387,-6.907755278982137,3.0910879068707438,2.079566533867987,-0.09321235293398628,1,0,3,1,-6.907755278982137,1,0,0,0,1,-6.907755278982137
11.140324384996289,-6.907755278982137,1.9460529959950605,1.9460529959950605,-0.009040735028795764,1,1,3,1,-6.907755278982137,1,0,0,0,1,2.7726512202867375
10.882715542960929,-6.907755278982137,3.135537693244867,2.5650262775800314,-0.2997546408159515,1,0,3,1,0.6936470556015963,1,0,0,0,1,-6.907755278982137
10.890516317549743,-6.907755278982137,3.218915824068222,2.4849899796493045,-0.08229522460598288,1,0,3,1,-6.907755278982137,1,0,0,0,1,-6.907755278982137
11.088766729697852,-6.907755278982137,3.135537693244867,2.4849899796493045,-0.009040735028795764,1,0,3,1,0.0009995003330834232,1,0,0,0,1,-6.907755278982137
11.181806885915968,0.6936470556015963,3.0445700556372914,2.639128755635788,0.19144649607134492,1,0,3,1,-6.907755278982137,1,0,0,0,1,0.6936470556015963
11.207337379112538,-6.907755278982137,3.135537693244867,2.639128755635788,0.17479333841720798,1,0,3,1,0.0009995003330834232,1,0,0,0,1,-6.907755278982137
10.720775316649666,-6.907755278982137,3.0910879068707438,2.7726512202867375,-0.16134312239247905,1,0,2,1,0.0009995003330834232,0,0,1,1,0,-6.907755278982137
10.87009111730251,0.6936470556015963,3.0910879068707438,2.1973356822749484,-0.247180165775268,1,0,3,1,-6.907755278982137,0,0,1,0,1,0.6936470556015963
10.93364255840691,-6.907755278982137,3.2581349988203177,2.7081168655467533,0.0009995003330834232,1,0,3,1,0.0009995003330834232,0,0,1,0,1,-6.907755278982137
11.077717403115672,-6.907755278982137,3.0910879068707438,2.4849899796493045,0.2078268626966187,1,0,3,1,1.09894556645823,1,0,0,0,1,-6.907755278982137
10.820817763964167,-6.907755278982137,3.135537693244867,2.639128755635788,0.166361492801941,1,0,3,1,-6.907755278982137,1,0,0,0,1,-6.907755278982137
10.912357483934917,-6.907755278982137,3.178095496146581,2.1973356822749484,-0.07149599402240903,1,0,3,1,-6.907755278982137,0,1,0,0,1,-6.907755278982137
10.804705275216506,-6.907755278982137,3.0910879068707438,2.833272165855592,-0.11541086756645104,1,0,2,1,0.0009995003330834232,0,0,1,1,0,-6.907755278982137
11.036356345987722,-6.907755278982137,3.135537693244867,2.639128755635788,0.12310219291791646,1,0,3,1,-6.907755278982137,1,0,0,0,1,-6.907755278982137
11.063508485006862,-6.907755278982137,3.218915824068222,2.639128755635788,0.0009995003330834232,1,0,3,1,-6.907755278982137,1,0,0,0,1,-6.907755278982137
10.727312078675212,-6.907755278982137,3.218915824068222,1.6096378924367667,-0.039780892340327764,1,0,2,1,0.0009995003330834232,0,0,0,1,0,-6.907755278982137
10.940809390481258,-6.907755278982137,3.178095496146581,2.4849899796493045,-0.009040735028795764,1,0,3,1,0.0009995003330834232,0,0,0,0,1,-6.907755278982137
11.136790992298844,-6.907755278982137,3.135537693244867,2.4849899796493045,-0.09321235293398628,1,0,3,1,-6.907755278982137,0,0,1,0,1,-6.907755278982137
10.860363470093539,-6.907755278982137,3.178095496146581,2.639128755635788,-0.16134312239247905,1,0,2,1,-6.907755278982137,0,1,0,1,0,-6.907755278982137
10.93933753721415,-6.907755278982137,3.218915824068222,2.639128755635788,0.0009995003330834232,1,0,3,1,-6.907755278982137,0,1,0,0,1,-6.907755278982137
10.98318120335548,-6.907755278982137,1.3865443298750981,1.3865443298750981,-0.16134312239247905,1,1,3,1,-6.907755278982137,0,1,0,0,1,2.995782272304033
11.117494857440189,-6.907755278982137,3.3322402238231783,2.7081168655467533,0.1319050583425898,1,0,3,1,-6.907755278982137,0,1,0,0,1,-6.907755278982137
11.230098268513387,-6.907755278982137,3.218915824068222,2.833272165855592,0.1319050583425898,1,0,3,1,-6.907755278982137,0,1,0,0,1,-6.907755278982137
10.90084202757271,1.3865443298750981,2.995782272304033,1.6096378924367667,0.12310219291791646,1,0,3,1,0.0009995003330834232,0,0,1,0,1,1.3865443298750981
10.902205856801157,1.9460529959950605,2.833272165855592,1.3865443298750981,0.020782520501346706,1,0,3,1,-6.907755278982137,1,0,0,0,1,1.9460529959950605
11.031852815531673,1.7919261220073759,2.944491609360395,2.079566533867987,0.020782520501346706,1,0,3,1,-6.907755278982137,1,0,0,0,1,1.7919261220073759
11.037543036887287,-6.907755278982137,1.09894556645823,1.09894556645823,-0.16134312239247905,1,1,3,1,0.0009995003330834232,1,0,0,0,1,3.0445700556372914
10.96080900415561,-6.907755278982137,3.135537693244867,2.3026850879943788,0.0009995003330834232,1,0,3,1,0.0009995003330834232,0,0,1,0,1,-6.907755278982137
10.992102722053389,-6.907755278982137,0.6936470556015963,0.6936470556015963,0.19144649607134492,1,0,3,1,-6.907755278982137,1,0,0,0,1,3.0910879068707438
11.104701569906396,1.09894556645823,3.0445700556372914,2.7081168655467533,-0.009040735028795764,1,0,3,1,-6.907755278982137,1,0,0,0,1,1.09894556645823
11.215400434992224,-6.907755278982137,0.6936470556015963,0.6936470556015963,0.1319050583425898,1,1,3,1,-6.907755278982137,1,0,0,0,1,3.0910879068707438
11.272890058698742,2.079566533867987,2.833272165855592,2.7081168655467533,0.040181752988284795,1,0,3,1,-6.907755278982137,1,0,0,0,1,2.079566533867987
11.020643522765921,1.6096378924367667,2.944491609360395,2.5650262775800314,-0.1972321782417154,1,0,3,1,-6.907755278982137,0,1,0,0,1,1.6096378924367667
11.037676116968576,0.0009995003330834232,3.178095496146581,1.3865443298750981,0.12310219291791646,1,0,3,1,-6.907755278982137,0,1,0,0,1,0.0009995003330834232
10.940561277912165,-6.907755278982137,3.135537693244867,2.8904273119085677,0.0009995003330834232,1,0,3,1,0.0009995003330834232,0,0,0,0,1,-6.907755278982137
10.788411469298062,0.0009995003330834232,3.178095496146581,2.7726512202867375,-0.16134312239247905,1,0,2,1,-6.907755278982137,0,0,1,1,0,0.0009995003330834232
10.948769403072223,0.0009995003330834232,3.135537693244867,2.639128755635788,-0.20948722192691427,1,0,3,1,-6.907755278982137,0,0,1,0,1,0.0009995003330834232
11.090309126803655,-6.907755278982137,3.178095496146581,0.0009995003330834232,0.040181752988284795,1,0,3,1,0.0009995003330834232,1,0,0,0,1,-6.907755278982137
10.84204847261553,-6.907755278982137,3.295873902355512,-6.907755278982137,-0.09321235293398628,1,0,3,1,0.0009995003330834232,0,0,1,0,1,-6.907755278982137
10.999346069720243,0.0009995003330834232,3.178095496146581,2.1973356822749484,-0.22189431703121995,1,0,3,1,-6.907755278982137,0,0,1,0,1,0.0009995003330834232
11.094933131237532,-6.907755278982137,3.218915824068222,2.639128755635788,-0.26006693015744126,1,0,3,1,-6.907755278982137,1,0,0,0,1,-6.907755278982137
11.163566564827516,-6.907755278982137,3.218915824068222,2.833272165855592,-0.11541086756645104,1,1,3,1,-6.907755278982137,0,1,0,0,1,-6.907755278982137
10.95416932493165,-6.907755278982137,3.295873902355512,2.5650262775800314,-0.16134312239247905,1,0,3,1,-6.907755278982137,0,0,1,0,1,-6.907755278982137
10.96759669804834,-6.907755278982137,2.5650262775800314,2.5650262775800314,0.12310219291791646,1,1,3,1,-6.907755278982137,0,0,1,0,1,2.4849899796493045
11.016857098601664,-6.907755278982137,2.639128755635788,2.3979861777572986,-0.0502412289718982,1,0,3,1,-6.907755278982137,0,0,1,0,1,2.4849899796493045
11.09516509395348,-6.907755278982137,3.2581349988203177,2.8904273119085677,-0.009040735028795764,1,0,3,1,0.0009995003330834232,1,0,0,0,1,-6.907755278982137
11.085398795394145,-6.907755278982137,1.09894556645823,1.09894556645823,0.0009995003330834232,1,0,3,1,-6.907755278982137,0,1,0,0,1,3.135537693244867
11.18212711536561,-6.907755278982137,3.3322402238231783,2.944491609360395,0.12310219291791646,1,0,3,1,-6.907755278982137,0,1,0,0,1,-6.907755278982137
10.931731041419086,-6.907755278982137,3.2581349988203177,2.1973356822749484,-0.247180165775268,1,0,3,1,0.0009995003330834232,0,0,1,0,1,-6.907755278982137
10.854662705578125,-6.907755278982137,3.295873902355512,2.5650262775800314,-0.16134312239247905,1,0,3,1,0.0009995003330834232,0,1,0,0,1,-6.907755278982137
11.291492961478435,1.6096378924367667,3.0445700556372914,2.995782272304033,0.040181752988284795,1,0,3,1,-6.907755278982137,0,1,0,0,1,1.6096378924367667
10.926082372763346,0.0009995003330834232,3.218915824068222,3.0445700556372914,-0.039780892340327764,1,0,2,1,-6.907755278982137,0,0,1,1,0,0.0009995003330834232
10.970505986814697,-6.907755278982137,3.2581349988203177,2.7726512202867375,-0.16134312239247905,1,0,3,1,-6.907755278982137,0,1,0,0,1,-6.907755278982137
11.021559288705935,0.6936470556015963,3.218915824068222,2.7726512202867375,0.12310219291791646,1,0,3,1,-6.907755278982137,0,1,0,0,1,0.6936470556015963
10.62242432914587,-6.907755278982137,1.6096378924367667,1.6096378924367667,-0.08229522460598288,1,0,2,1,-6.907755278982137,0,0,1,1,0,3.0445700556372914
10.725071944258094,-6.907755278982137,3.2581349988203177,2.995782272304033,-0.07149599402240903,1,0,2,1,-6.907755278982137,0,0,1,1,0,-6.907755278982137
10.890907557498632,-6.907755278982137,3.434019462029382,2.833272165855592,-0.247180165775268,1,0,3,1,0.0009995003330834232,1,0,0,0,1,-6.907755278982137
11.12921697094088,1.3865443298750981,3.135537693244867,2.833272165855592,-0.07149599402240903,1,0,3,1,-6.907755278982137,1,0,0,0,1,1.3865443298750981
11.010365602150742,1.3865443298750981,3.178095496146581,2.5650262775800314,-0.009040735028795764,1,0,3,1,-6.907755278982137,0,1,0,0,1,1.3865443298750981
10.591044159922985,-6.907755278982137,2.833272165855592,2.3026850879943788,-0.14966075793987127,1,0,2,1,0.0009995003330834232,0,0,0,1,0,2.3026850879943788
10.78574571035844,-6.907755278982137,0.6936470556015963,0.6936470556015963,-0.247180165775268,1,0,2,1,0.0009995003330834232,0,0,1,1,0,3.218915824068222
11.325124937993943,-6.907755278982137,3.367330312150578,3.0445700556372914,-0.09321235293398628,1,1,3,1,-6.907755278982137,1,0,0,0,1,-6.907755278982137
10.938254430920944,1.6096378924367667,3.0445700556372914,2.7081168655467533,-0.247180165775268,1,0,3,1,-6.907755278982137,0,1,0,0,1,1.6096378924367667
11.022196559238425,-6.907755278982137,3.295873902355512,2.8904273119085677,0.020782520501346706,1,0,3,1,-6.907755278982137,0,1,0,0,1,-6.907755278982137
11.115413660329311,-6.907755278982137,3.3322402238231783,2.7726512202867375,-0.09321235293398628,1,0,3,1,-6.907755278982137,0,1,0,0,1,-6.907755278982137
10.71949377511764,-6.907755278982137,3.295873902355512,-6.907755278982137,-0.09321235293398628,1,0,3,1,-6.907755278982137,0,0,1,0,1,-6.907755278982137
10.92457065670523,-6.907755278982137,2.7081168655467533,2.3026850879943788,0.14063110902570714,1,0,3,1,-6.907755278982137,0,0,1,0,1,2.5650262775800314
10.992588097657594,-6.907755278982137,3.4012307144399454,2.944491609360395,0.020782520501346706,1,0,3,1,0.0009995003330834232,1,0,0,0,1,-6.907755278982137
11.047726291819703,-6.907755278982137,3.3322402238231783,2.7081168655467533,-0.26006693015744126,1,0,3,1,-6.907755278982137,1,0,0,0,1,-6.907755278982137
11.099150944116085,0.6936470556015963,3.2581349988203177,2.8904273119085677,-0.08229522460598288,1,0,3,1,-6.907755278982137,1,0,0,0,1,0.6936470556015963
11.108649664355454,0.0009995003330834232,3.218915824068222,2.7726512202867375,0.08709473744543464,1,0,3,1,0.0009995003330834232,1,0,0,0,1,0.0009995003330834232
11.080880229410768,-6.907755278982137,3.295873902355512,2.7726512202867375,-0.09321235293398628,1,0,3,1,0.0009995003330834232,0,1,0,0,1,-6.907755278982137
11.058984159150006,-6.907755278982137,3.3322402238231783,2.944491609360395,0.08709473744543464,1,0,3,1,-6.907755278982137,0,1,0,0,1,-6.907755278982137
11.215139196628662,-6.907755278982137,3.3322402238231783,3.0445700556372914,-0.009040735028795764,1,0,3,1,-6.907755278982137,0,0,0,0,1,-6.907755278982137
10.86072828993678,-6.907755278982137,3.4012307144399454,3.178095496146581,0.09621887939527274,1,0,2,1,-6.907755278982137,0,0,1,1,0,-6.907755278982137
11.007833389623379,1.3865443298750981,3.178095496146581,1.3865443298750981,0.0009995003330834232,1,0,3,1,-6.907755278982137,1,0,0,0,1,1.3865443298750981
10.858114009923652,-6.907755278982137,3.295873902355512,2.8904273119085677,-0.2997546408159515,1,0,3,1,-6.907755278982137,0,1,0,0,1,-6.907755278982137
11.05622497132408,-6.907755278982137,3.295873902355512,2.995782272304033,-0.009040735028795764,1,0,3,1,-6.907755278982137,0,1,0,0,1,-6.907755278982137
10.87310888826034,0.6936470556015963,3.2581349988203177,1.7919261220073759,-0.2997546408159515,1,0,3,1,0.0009995003330834232,1,0,0,0,1,0.6936470556015963
11.04431288376839,-6.907755278982137,2.079566533867987,2.079566533867987,-0.16134312239247905,1,1,3,1,-6.907755278982137,1,0,0,0,1,2.995782272304033
11.066591501868874,-6.907755278982137,3.3322402238231783,2.7081168655467533,-0.2344572840872116,1,0,3,1,-6.907755278982137,1,0,0,0,1,-6.907755278982137
11.097894767136536,-6.907755278982137,3.367330312150578,2.7726512202867375,-0.11541086756645104,1,0,3,1,0.0009995003330834232,1,0,0,0,1,-6.907755278982137
11.022800774053469,1.9460529959950605,3.0445700556372914,2.7081168655467533,-0.08229522460598288,1,0,3,1,0.0009995003330834232,0,1,0,0,1,1.9460529959950605
11.155907619390305,-6.907755278982137,3.4012307144399454,2.639128755635788,-0.09321235293398628,1,0,3,1,-6.907755278982137,1,0,0,0,1,-6.907755278982137
11.05654069266606,1.09894556645823,3.2581349988203177,2.833272165855592,-0.08229522460598288,1,0,3,1,-6.907755278982137,0,1,0,0,1,1.09894556645823
11.328909297634556,-6.907755278982137,2.944491609360395,2.944491609360395,-0.08229522460598288,1,1,3,1,-6.907755278982137,0,1,0,0,1,2.3979861777572986
11.233396743433214,-6.907755278982137,3.367330312150578,3.0910879068707438,-0.11541086756645104,1,0,3,1,-6.907755278982137,1,0,0,0,1,-6.907755278982137
10.87007209848375,1.3865443298750981,3.218915824068222,2.3979861777572986,-0.009040735028795764,1,0,3,1,-6.907755278982137,0,0,1,0,1,1.3865443298750981
10.929995007582082,1.3865443298750981,3.178095496146581,2.4849899796493045,-0.247180165775268,1,0,3,1,-6.907755278982137,0,0,1,0,1,1.3865443298750981
11.178473200830231,2.079566533867987,3.0910879068707438,2.995782272304033,-0.08229522460598288,1,0,3,1,0.0009995003330834232,1,0,0,0,1,2.079566533867987
11.153786788533518,-6.907755278982137,3.4012307144399454,3.0445700556372914,-0.2344572840872116,1,0,3,1,-6.907755278982137,1,0,0,0,1,-6.907755278982137
10.699168780553403,1.3865443298750981,3.2581349988203177,3.0910879068707438,-0.247180165775268,1,0,2,1,-6.907755278982137,0,0,0,1,0,1.3865443298750981
11.172095762368693,0.6936470556015963,3.3322402238231783,3.0445700556372914,-0.08229522460598288,1,0,3,1,0.0009995003330834232,0,1,0,0,1,0.6936470556015963
11.039331413867115,1.7919261220073759,3.135537693244867,2.3979861777572986,-0.26006693015744126,1,0,3,1,0.0009995003330834232,1,0,0,0,1,1.7919261220073759
11.102457880314498,-6.907755278982137,3.5553766325098297,3.135537693244867,-0.247180165775268,1,0,3,1,-6.907755278982137,1,0,0,0,1,-6.907755278982137
11.320650549438522,-6.907755278982137,3.4657671523114555,3.135537693244867,-0.07149599402240903,0,1,3,1,-6.907755278982137,0,1,0,0,1,-6.907755278982137
10.85317439437182,2.079566533867987,3.135537693244867,0.0009995003330834232,-0.2344572840872116,0,1,3,1,-6.907755278982137,0,0,1,0,1,2.079566533867987
11.140498550451385,0.6936470556015963,3.367330312150578,2.995782272304033,0.0009995003330834232,0,0,3,1,-6.907755278982137,1,0,0,0,1,0.6936470556015963
11.06777835293055,1.09894556645823,3.3322402238231783,2.639128755635788,-0.09321235293398628,1,0,3,1,1.09894556645823,0,1,0,0,1,1.09894556645823
11.152084727578734,1.09894556645823,3.3322402238231783,3.0445700556372914,0.0009995003330834232,1,0,3,1,0.6936470556015963,1,0,0,0,1,1.09894556645823
11.291068598022544,0.6936470556015963,3.367330312150578,3.0910879068707438,-0.07149599402240903,1,0,3,1,-6.907755278982137,0,1,0,0,1,0.6936470556015963
11.408475656714721,-6.907755278982137,3.0910879068707438,3.0910879068707438,0.0009995003330834232,1,0,3,1,0.6936470556015963,0,1,0,0,1,2.3026850879943788
11.052048080577396,0.6936470556015963,3.4012307144399454,2.7726512202867375,-0.247180165775268,1,0,3,1,0.0009995003330834232,0,0,0,0,1,0.6936470556015963
11.277228460242306,0.0009995003330834232,3.4012307144399454,3.178095496146581,-0.009040735028795764,1,0,3,1,0.0009995003330834232,1,0,0,0,1,0.0009995003330834232
11.164261220955387,1.9460529959950605,3.2581349988203177,3.0445700556372914,-0.16134312239247905,1,0,3,1,0.6936470556015963,0,1,0,0,1,1.9460529959950605
11.405217763492386,-6.907755278982137,3.0910879068707438,3.0445700556372914,-0.07149599402240903,1,0,3,1,0.6936470556015963,0,1,0,0,1,2.3979861777572986
11.186530297705174,-6.907755278982137,3.4965378640376557,3.0910879068707438,0.0009995003330834232,1,0,3,1,0.6936470556015963,0,1,0,0,1,-6.907755278982137
10.820817763964167,-6.907755278982137,2.4849899796493045,2.4849899796493045,0.17479333841720798,1,0,3,1,0.6936470556015963,1,0,0,0,1,2.995782272304033
11.043289784023214,1.6096378924367667,3.3322402238231783,3.0910879068707438,-0.07149599402240903,1,0,3,1,1.09894556645823,1,0,0,0,1,1.6096378924367667
10.878103813572768,1.6096378924367667,3.367330312150578,3.178095496146581,-0.26006693015744126,0,0,2,1,-6.907755278982137,0,0,0,1,0,1.6096378924367667
11.191796923483848,-6.907755278982137,3.0445700556372914,3.0445700556372914,0.040181752988284795,1,0,3,1,0.0009995003330834232,0,1,0,0,1,2.7081168655467533
11.129319705890625,-6.907755278982137,3.0910879068707438,3.0910879068707438,-0.16134312239247905,0,0,3,1,0.0009995003330834232,0,0,1,0,1,2.5650262775800314
11.068340054267473,-6.907755278982137,3.713596456650773,1.6096378924367667,-0.09321235293398628,1,0,3,1,-6.907755278982137,0,1,0,0,1,-6.907755278982137
11.200335770481868,-6.907755278982137,3.218915824068222,3.218915824068222,-0.08229522460598288,1,0,3,1,-6.907755278982137,1,0,0,0,1,2.4849899796493045
10.904542155984016,-6.907755278982137,3.178095496146581,2.8904273119085677,0.08709473744543464,1,0,3,1,-6.907755278982137,1,0,0,0,1,2.5650262775800314
11.053173127225056,-6.907755278982137,3.295873902355512,2.995782272304033,-0.31334179314003835,1,0,3,1,-6.907755278982137,0,0,0,0,1,2.639128755635788
10.428216111056908,-6.907755278982137,-6.907755278982137,-6.907755278982137,-0.17316365019354585,1,0,1,0,1.3865443298750981,0,0,0,0,0,-6.907755278982137
10.514149488606696,-6.907755278982137,0.0009995003330834232,0.0009995003330834232,-0.17316365019354585,1,0,1,0,1.3865443298750981,0,0,1,0,0,-6.907755278982137
10.499793409188657,-6.907755278982137,0.0009995003330834232,-6.907755278982137,-0.13811329665504002,1,0,1,0,1.09894556645823,1,0,0,0,0,-6.907755278982137
10.424659498047474,-6.907755278982137,0.6936470556015963,0.0009995003330834232,-0.08229522460598288,1,0,1,0,0.6936470556015963,0,0,0,0,0,-6.907755278982137
10.424659498047474,-6.907755278982137,0.6936470556015963,0.6936470556015963,0.020782520501346706,1,0,1,0,-6.907755278982137,0,0,0,0,0,-6.907755278982137
10.455387967666558,-6.907755278982137,0.0009995003330834232,0.0009995003330834232,-0.16134312239247905,1,0,1,0,0.6936470556015963,0,0,0,0,0,-6.907755278982137
10.341742515725347,-6.907755278982137,1.09894556645823,0.6936470556015963,-0.2344572840872116,1,0,1,0,0.0009995003330834232,0,0,0,0,0,-6.907755278982137
10.48520028059678,-6.907755278982137,0.6936470556015963,0.0009995003330834232,-0.08229522460598288,1,0,1,0,0.0009995003330834232,0,0,1,0,0,-6.907755278982137
10.742724460569972,-6.907755278982137,0.6936470556015963,0.6936470556015963,0.1319050583425898,1,0,1,0,0.6936470556015963,0,1,0,0,0,-6.907755278982137
10.424659498047474,-6.907755278982137,0.0009995003330834232,0.0009995003330834232,-0.1266976584584111,1,0,1,0,0.6936470556015963,0,0,0,0,0,-6.907755278982137
10.455387967666558,-6.907755278982137,0.6936470556015963,0.0009995003330834232,-0.0502412289718982,1,0,1,0,0.6936470556015963,0,0,0,0,0,-6.907755278982137
10.427831421700208,-6.907755278982137,1.3865443298750981,0.6936470556015963,-0.16134312239247905,1,0,1,0,0.6936470556015963,0,0,1,0,0,-6.907755278982137
10.93310698757443,0.0009995003330834232,-6.907755278982137,-6.907755278982137,0.17479333841720798,1,0,1,0,1.09894556645823,1,0,0,0,0,0.0009995003330834232
10.308952693977625,-6.907755278982137,-6.907755278982137,-6.907755278982137,-0.20948722192691427,1,0,1,0,1.09894556645823,0,0,0,0,0,-6.907755278982137
10.330779414484057,-6.907755278982137,1.3865443298750981,1.09894556645823,-0.2731219336523083,1,0,1,0,1.09894556645823,0,0,0,0,0,-6.907755278982137
10.341742515725347,-6.907755278982137,-6.907755278982137,-6.907755278982137,-0.08229522460598288,1,0,1,0,1.09894556645823,0,0,0,0,0,-6.907755278982137
10.373491213031864,0.6936470556015963,-6.907755278982137,-6.907755278982137,-0.16134312239247905,1,0,1,0,1.09894556645823,0,0,0,0,0,0.6936470556015963
10.92866858105493,-6.907755278982137,0.6936470556015963,0.6936470556015963,0.17479333841720798,1,0,1,0,1.09894556645823,0,0,1,0,0,-6.907755278982137
10.491274245216024,0.0009995003330834232,-6.907755278982137,-6.907755278982137,-0.07149599402240903,1,0,1,0,1.3865443298750981,0,1,0,0,0,0.0009995003330834232
10.52832915215657,-6.907755278982137,0.0009995003330834232,0.0009995003330834232,-0.17316365019354585,1,0,1,0,1.3865443298750981,0,1,0,0,0,-6.907755278982137
10.424659498047474,-6.907755278982137,1.09894556645823,1.09894556645823,-0.08229522460598288,1,0,1,0,1.3865443298750981,0,0,0,0,0,-6.907755278982137
10.46310336904298,0.0009995003330834232,-6.907755278982137,-6.907755278982137,-0.09321235293398628,1,0,1,0,1.3865443298750981,0,0,0,0,0,0.0009995003330834232
10.514149488606696,-6.907755278982137,1.09894556645823,1.09894556645823,-0.17316365019354585,1,0,1,0,0.0009995003330834232,0,0,1,0,0,-6.907755278982137
10.341742515725347,-6.907755278982137,-6.907755278982137,-6.907755278982137,-0.0502412289718982,1,0,1,0,0.0009995003330834232,0,0,0,0,0,-6.907755278982137
10.360184318132328,-6.907755278982137,1.09894556645823,0.6936470556015963,-0.14966075793987127,1,0,1,0,1.3865443298750981,0,0,0,0,0,-6.907755278982137
10.440156375494274,0.0009995003330834232,0.6936470556015963,0.6936470556015963,-0.31334179314003835,1,0,1,0,-6.907755278982137,0,0,1,0,0,0.0009995003330834232
10.47937034104584,-6.907755278982137,1.3865443298750981,1.3865443298750981,-0.16134312239247905,1,0,1,0,-6.907755278982137,0,1,0,0,0,-6.907755278982137
10.985292739837009,-6.907755278982137,-6.907755278982137,-6.907755278982137,0.21591751390719457,1,0,1,0,-6.907755278982137,0,1,0,0,0,-6.907755278982137
10.76519539576199,-6.907755278982137,1.09894556645823,1.09894556645823,0.19144649607134492,1,0,1,0,-6.907755278982137,0,0,0,0,0,-6.907755278982137
10.46310336904298,-6.907755278982137,1.09894556645823,-6.907755278982137,-0.2344572840872116,1,0,1,0,-6.907755278982137,0,0,0,0,0,-6.907755278982137
10.596634758096073,-6.907755278982137,1.09894556645823,1.09894556645823,-0.17316365019354585,1,0,1,0,-6.907755278982137,0,0,0,0,0,-6.907755278982137
10.605495386307732,-6.907755278982137,1.3865443298750981,-6.907755278982137,-0.247180165775268,1,0,2,0,1.09894556645823,0,0,0,1,0,-6.907755278982137
10.440156375494274,0.0009995003330834232,1.3865443298750981,1.3865443298750981,-0.1266976584584111,1,0,1,0,0.0009995003330834232,0,1,0,0,0,0.0009995003330834232
10.451695691388677,-6.907755278982137,1.7919261220073759,1.3865443298750981,-0.2344572840872116,1,0,1,0,0.0009995003330834232,0,1,0,0,0,-6.907755278982137
10.402564459622111,-6.907755278982137,1.7919261220073759,1.6096378924367667,-0.16134312239247905,1,0,1,0,1.09894556645823,0,0,0,0,0,-6.907755278982137
10.605495386307732,-6.907755278982137,1.6096378924367667,1.3865443298750981,-0.2344572840872116,1,0,1,0,0.0009995003330834232,0,0,0,0,0,-6.907755278982137
10.440156375494274,0.0009995003330834232,1.3865443298750981,1.3865443298750981,-0.22189431703121995,1,0,1,0,0.0009995003330834232,0,0,1,0,0,0.0009995003330834232
10.507338957945585,-6.907755278982137,1.3865443298750981,1.3865443298750981,-0.20948722192691427,1,0,1,0,0.0009995003330834232,0,0,1,0,0,-6.907755278982137
10.440156375494274,1.09894556645823,1.09894556645823,1.09894556645823,-0.14966075793987127,1,0,1,0,0.0009995003330834232,0,0,1,0,0,1.09894556645823
11.002099857870904,1.6096378924367667,-6.907755278982137,-6.907755278982137,0.17479333841720798,1,0,2,0,-6.907755278982137,1,0,0,1,0,1.6096378924367667
10.583068146715577,1.09894556645823,0.6936470556015963,0.6936470556015963,-0.16134312239247905,1,0,1,0,-6.907755278982137,0,0,0,0,0,1.09894556645823
10.68051624006528,1.7919261220073759,-6.907755278982137,-6.907755278982137,0.19144649607134492,0,0,1,0,0.6936470556015963,0,0,0,0,0,1.7919261220073759
10.440156375494274,0.0009995003330834232,1.6096378924367667,1.6096378924367667,-0.060812141930429886,1,0,1,0,0.6936470556015963,0,0,1,0,0,0.0009995003330834232
10.440156375494274,0.6936470556015963,1.3865443298750981,1.3865443298750981,-0.07149599402240903,1,0,1,0,0.6936470556015963,0,0,1,0,0,0.6936470556015963
10.593404546656673,-6.907755278982137,1.7919261220073759,-6.907755278982137,-0.009040735028795764,1,0,2,0,0.6936470556015963,0,0,1,1,0,-6.907755278982137
10.93635171768147,-6.907755278982137,1.9460529959950605,0.0009995003330834232,0.19144649607134492,1,0,2,0,1.09894556645823,0,1,0,1,0,-6.907755278982137
10.547155607897487,-6.907755278982137,1.9460529959950605,1.7919261220073759,-0.1851255042100832,1,0,1,0,1.3865443298750981,0,0,0,0,0,-6.907755278982137
10.583068146715577,-6.907755278982137,1.9460529959950605,0.0009995003330834232,-0.009040735028795764,0,1,2,0,0.0009995003330834232,0,0,0,1,0,-6.907755278982137
10.504711339152443,0.0009995003330834232,1.6096378924367667,0.0009995003330834232,-0.1972321782417154,0,1,2,0,-6.907755278982137,0,0,1,1,0,0.0009995003330834232
10.91889939339075,0.0009995003330834232,1.6096378924367667,1.6096378924367667,0.2078268626966187,0,1,1,0,0.0009995003330834232,0,1,0,0,0,0.0009995003330834232
10.373491213031864,1.9460529959950605,-6.907755278982137,-6.907755278982137,-0.247180165775268,1,0,1,0,-6.907755278982137,0,0,0,0,0,1.9460529959950605
10.470419398449152,1.3865443298750981,1.09894556645823,1.09894556645823,-0.09321235293398628,1,0,1,0,-6.907755278982137,0,0,1,0,0,1.3865443298750981
10.51512639566176,-6.907755278982137,1.9460529959950605,0.0009995003330834232,-0.16134312239247905,1,0,2,0,1.3865443298750981,1,0,0,1,0,-6.907755278982137
10.425342162820801,0.0009995003330834232,1.7919261220073759,0.0009995003330834232,-0.26006693015744126,1,0,2,0,-6.907755278982137,0,0,0,1,0,0.0009995003330834232
10.643399060929765,-6.907755278982137,2.3026850879943788,1.3865443298750981,-0.1972321782417154,1,0,2,0,0.0009995003330834232,0,0,1,1,0,-6.907755278982137
10.308986026754305,1.6096378924367667,1.09894556645823,1.09894556645823,-0.26006693015744126,1,0,1,0,0.0009995003330834232,0,0,0,0,0,1.6096378924367667
10.53829034862383,-6.907755278982137,2.079566533867987,-6.907755278982137,-0.08229522460598288,1,0,2,0,-6.907755278982137,0,0,0,1,0,-6.907755278982137
10.634965651460897,0.0009995003330834232,2.079566533867987,0.0009995003330834232,-0.16134312239247905,1,0,2,0,0.6936470556015963,0,0,0,1,0,0.0009995003330834232
10.52832915215657,1.7919261220073759,1.09894556645823,1.09894556645823,-0.16134312239247905,1,0,1,0,0.6936470556015963,0,1,0,0,0,1.7919261220073759
10.588098427288108,-6.907755278982137,2.1973356822749484,1.3865443298750981,-0.2997546408159515,0,0,2,0,-6.907755278982137,0,0,0,1,0,-6.907755278982137
10.505478441440216,0.6936470556015963,1.9460529959950605,0.0009995003330834232,-0.20948722192691427,0,0,2,0,-6.907755278982137,0,0,1,1,0,0.6936470556015963
10.566639361321917,0.6936470556015963,2.079566533867987,0.6936470556015963,-0.009040735028795764,0,0,2,0,-6.907755278982137,0,0,1,1,0,0.6936470556015963
10.731231205197027,1.09894556645823,1.9460529959950605,0.6936470556015963,-0.16134312239247905,1,0,2,0,-6.907755278982137,0,0,0,1,0,1.09894556645823
10.648491642372909,1.6096378924367667,1.3865443298750981,0.6936470556015963,-0.009040735028795764,1,0,2,0,-6.907755278982137,0,0,1,1,0,1.6096378924367667
11.058795200628815,-6.907755278982137,-6.907755278982137,-6.907755278982137,0.21591751390719457,1,0,2,0,-6.907755278982137,0,0,1,1,0,2.3026850879943788
10.514149488606696,2.079566533867987,0.6936470556015963,0.6936470556015963,-0.11541086756645104,1,0,1,0,-6.907755278982137,0,0,1,0,0,2.079566533867987
10.646234117377622,0.0009995003330834232,2.079566533867987,1.3865443298750981,-0.2344572840872116,1,0,2,0,-6.907755278982137,0,0,1,1,0,0.0009995003330834232
10.556073147374837,-6.907755278982137,0.0009995003330834232,0.0009995003330834232,-0.08229522460598288,1,0,2,0,-6.907755278982137,0,1,0,1,0,2.3026850879943788
10.984377066514346,-6.907755278982137,2.4849899796493045,1.09894556645823,-0.17316365019354585,1,0,2,0,-6.907755278982137,0,1,0,1,0,-6.907755278982137
10.753870681174034,1.09894556645823,1.9460529959950605,1.3865443298750981,-0.20948722192691427,1,0,2,0,-6.907755278982137,0,0,0,1,0,1.09894556645823
10.560281929555817,-6.907755278982137,2.4849899796493045,2.1973356822749484,-0.22189431703121995,1,0,2,0,-6.907755278982137,0,1,0,1,0,-6.907755278982137
10.659679975785648,0.0009995003330834232,2.1973356822749484,0.6936470556015963,0.020782520501346706,1,0,2,0,-6.907755278982137,0,1,0,1,0,0.0009995003330834232
10.404565855141088,1.09894556645823,2.079566533867987,2.079566533867987,-0.2344572840872116,1,0,1,0,-6.907755278982137,0,0,0,0,0,1.09894556645823
10.621693156818173,-6.907755278982137,2.3026850879943788,2.3026850879943788,-0.2344572840872116,1,0,1,0,-6.907755278982137,0,0,1,0,0,-6.907755278982137
10.961486175676436,-6.907755278982137,2.4849899796493045,1.6096378924367667,0.2078268626966187,1,0,2,0,-6.907755278982137,0,0,1,1,0,-6.907755278982137
10.53515821257946,1.3865443298750981,1.9460529959950605,1.9460529959950605,-0.08229522460598288,1,0,1,0,-6.907755278982137,0,0,0,0,0,1.3865443298750981
10.612409676820157,-6.907755278982137,2.4849899796493045,2.3979861777572986,-0.1266976584584111,1,0,1,0,-6.907755278982137,0,0,1,0,0,-6.907755278982137
10.586862161692759,1.7919261220073759,1.7919261220073759,-6.907755278982137,-0.20948722192691427,1,0,2,0,-6.907755278982137,0,0,0,1,0,1.7919261220073759
10.519672718959471,-6.907755278982137,2.5650262775800314,1.3865443298750981,-0.09321235293398628,1,0,2,0,-6.907755278982137,0,0,1,1,0,-6.907755278982137
10.809707766534943,0.6936470556015963,2.3026850879943788,1.3865443298750981,0.020782520501346706,1,0,2,0,-6.907755278982137,0,1,0,1,0,0.6936470556015963
10.78995806860319,-6.907755278982137,2.5650262775800314,-6.907755278982137,-0.20948722192691427,1,0,3,0,-6.907755278982137,0,0,0,0,1,-6.907755278982137
10.520482391874005,1.7919261220073759,1.7919261220073759,0.6936470556015963,-0.07149599402240903,1,0,2,0,-6.907755278982137,0,0,1,1,0,1.7919261220073759
10.373491213031864,-6.907755278982137,-6.907755278982137,-6.907755278982137,-0.3410828793584636,1,0,1,0,-6.907755278982137,0,0,0,0,0,2.5650262775800314
10.780309561305076,-6.907755278982137,2.5650262775800314,2.5650262775800314,0.19144649607134492,1,0,1,0,-6.907755278982137,1,0,0,0,0,-6.907755278982137
10.792735933846625,-6.907755278982137,3.0910879068707438,0.0009995003330834232,-0.247180165775268,1,0,3,0,-6.907755278982137,0,0,1,0,1,-6.907755278982137
10.732868742235313,-6.907755278982137,2.7081168655467533,2.3026850879943788,-0.104250047835351,1,0,2,0,-6.907755278982137,0,1,0,1,0,-6.907755278982137
10.55481607263569,-6.907755278982137,2.639128755635788,0.6936470556015963,-0.3271161020158719,1,0,2,0,-6.907755278982137,0,0,0,1,0,-6.907755278982137
10.74539952790548,0.0009995003330834232,2.7081168655467533,2.7081168655467533,-0.14966075793987127,1,0,1,0,-6.907755278982137,1,0,0,0,0,0.0009995003330834232
10.627624574019952,1.7919261220073759,2.079566533867987,0.6936470556015963,0.14063110902570714,1,0,2,0,-6.907755278982137,0,0,0,1,0,1.7919261220073759
11.035840840547639,-6.907755278982137,0.0009995003330834232,0.0009995003330834232,-0.09321235293398628,1,0,3,0,-6.907755278982137,1,0,0,0,1,2.7081168655467533
10.690989934326206,1.3865443298750981,2.4849899796493045,1.7919261220073759,-0.20948722192691427,1,0,2,0,-6.907755278982137,0,1,0,1,0,1.3865443298750981
10.5859276412215,0.0009995003330834232,2.7081168655467533,2.1973356822749484,-0.22189431703121995,1,0,2,0,-6.907755278982137,0,0,0,1,0,0.0009995003330834232
10.775220173457388,0.0009995003330834232,2.7081168655467533,1.09894556645823,-0.039780892340327764,1,0,2,0,-6.907755278982137,0,0,0,1,0,0.0009995003330834232
10.771868753369649,1.3865443298750981,2.4849899796493045,1.09894556645823,-0.16134312239247905,1,0,3,0,-6.907755278982137,1,0,0,0,1,1.3865443298750981
10.692967140247948,-6.907755278982137,1.7919261220073759,1.7919261220073759,0.0009995003330834232,1,0,2,0,-6.907755278982137,0,1,0,1,0,2.3026850879943788
11.151300244857346,-6.907755278982137,2.833272165855592,2.4849899796493045,0.19144649607134492,1,0,2,0,-6.907755278982137,1,0,0,1,0,-6.907755278982137
10.766293137035458,1.6096378924367667,2.3979861777572986,1.9460529959950605,-0.14966075793987127,1,0,2,0,-6.907755278982137,0,1,0,1,0,1.6096378924367667
10.833345847362303,-6.907755278982137,2.833272165855592,2.3979861777572986,-0.1266976584584111,1,0,2,0,-6.907755278982137,0,1,0,1,0,-6.907755278982137
10.664597097125892,1.7919261220073759,2.3026850879943788,1.9460529959950605,-0.16134312239247905,1,0,2,0,-6.907755278982137,0,1,0,1,0,1.7919261220073759
10.819938291608448,-6.907755278982137,2.8904273119085677,2.3026850879943788,-0.22189431703121995,1,0,2,0,-6.907755278982137,1,0,0,1,0,-6.907755278982137
10.8737549942161,-6.907755278982137,3.3322402238231783,2.639128755635788,-0.1266976584584111,1,0,2,0,-6.907755278982137,1,0,0,1,0,-6.907755278982137
10.463017651086034,-6.907755278982137,2.8904273119085677,2.4849899796493045,-0.22189431703121995,1,0,2,0,-6.907755278982137,0,0,0,1,0,-6.907755278982137
10.690147867362672,-6.907755278982137,2.833272165855592,2.3979861777572986,-0.16134312239247905,1,0,2,0,-6.907755278982137,0,0,0,1,0,-6.907755278982137
10.569648893694918,-6.907755278982137,1.09894556645823,1.09894556645823,-0.09321235293398628,1,0,1,0,-6.907755278982137,0,0,1,0,0,2.7081168655467533
10.852051864325412,1.3865443298750981,2.5650262775800314,1.6096378924367667,-0.009040735028795764,1,0,3,0,-6.907755278982137,0,0,1,0,1,1.3865443298750981
11.013336489610664,1.6096378924367667,2.5650262775800314,-6.907755278982137,0.19144649607134492,1,0,3,0,-6.907755278982137,1,0,0,0,1,1.6096378924367667
11.061325093182786,-6.907755278982137,0.0009995003330834232,0.0009995003330834232,-0.08229522460598288,1,1,3,0,-6.907755278982137,0,1,0,0,1,2.833272165855592
10.701239233593318,1.9460529959950605,2.4849899796493045,2.3026850879943788,-0.3271161020158719,1,0,2,0,-6.907755278982137,0,0,0,1,0,1.9460529959950605
10.834253037877184,-6.907755278982137,2.995782272304033,1.9460529959950605,-0.16134312239247905,1,0,3,0,-6.907755278982137,0,1,0,0,1,-6.907755278982137
10.977294739370523,-6.907755278982137,2.944491609360395,2.1973356822749484,-0.07149599402240903,1,0,3,0,-6.907755278982137,0,1,0,0,1,-6.907755278982137
10.622862776065778,0.0009995003330834232,2.8904273119085677,2.8904273119085677,-0.20948722192691427,1,0,1,0,-6.907755278982137,0,0,1,0,0,0.0009995003330834232
10.793044109749541,-6.907755278982137,2.944491609360395,2.4849899796493045,0.049742046524959636,1,0,2,0,-6.907755278982137,0,0,1,1,0,-6.907755278982137
10.867539366875773,1.6096378924367667,2.639128755635788,1.7919261220073759,-0.20948722192691427,1,0,3,0,-6.907755278982137,0,0,1,0,1,1.6096378924367667
10.729175031624054,0.6936470556015963,2.8904273119085677,1.6096378924367667,-0.31334179314003835,1,0,2,0,-6.907755278982137,0,0,0,1,0,0.6936470556015963
10.715461690343323,-6.907755278982137,2.995782272304033,2.995782272304033,-0.1851255042100832,1,0,1,0,-6.907755278982137,1,0,0,0,0,-6.907755278982137
10.825362682592807,-6.907755278982137,3.0910879068707438,2.7081168655467533,-0.16134312239247905,1,0,2,0,-6.907755278982137,0,1,0,1,0,-6.907755278982137
10.794768141912625,-6.907755278982137,2.3979861777572986,1.3865443298750981,-0.060812141930429886,1,0,3,0,-6.907755278982137,0,0,1,0,1,2.3026850879943788
10.499793409188657,-6.907755278982137,1.6096378924367667,1.6096378924367667,-0.14966075793987127,1,0,1,0,-6.907755278982137,1,0,0,0,0,2.7726512202867375
11.078597827616209,-6.907755278982137,3.218915824068222,2.7081168655467533,0.020782520501346706,1,0,3,0,-6.907755278982137,1,0,0,0,1,-6.907755278982137
10.859172078738,-6.907755278982137,3.135537693244867,0.0009995003330834232,-0.16134312239247905,1,0,3,0,-6.907755278982137,0,1,0,0,1,-6.907755278982137
10.75455688483096,-6.907755278982137,3.135537693244867,2.5650262775800314,-0.20948722192691427,1,0,2,0,-6.907755278982137,0,0,0,1,0,-6.907755278982137
10.981331647711517,-6.907755278982137,3.135537693244867,2.4849899796493045,-0.009040735028795764,1,1,3,0,-6.907755278982137,0,1,0,0,1,-6.907755278982137
10.866566464994833,1.6096378924367667,2.944491609360395,1.9460529959950605,-0.14966075793987127,1,0,3,0,-6.907755278982137,0,0,1,0,1,1.6096378924367667
10.734351128243551,1.7919261220073759,2.833272165855592,2.3979861777572986,-0.08229522460598288,1,0,2,0,-6.907755278982137,0,1,0,1,0,1.7919261220073759
11.008777512513221,1.7919261220073759,2.944491609360395,1.9460529959950605,-0.14966075793987127,1,0,3,0,-6.907755278982137,1,0,0,0,1,1.7919261220073759
10.881569303368076,-6.907755278982137,1.9460529959950605,1.7919261220073759,-0.247180165775268,1,0,3,0,-6.907755278982137,0,0,1,0,1,2.944491609360395
10.942739021495056,2.079566533867987,2.995782272304033,2.3026850879943788,-0.247180165775268,1,0,3,0,-6.907755278982137,0,1,0,0,1,2.079566533867987
10.871649430809196,-6.907755278982137,3.218915824068222,2.3979861777572986,-0.247180165775268,1,0,3,0,-6.907755278982137,1,0,0,0,1,2.5650262775800314
